Constituency No,Constituency Name,Party,Candidate
1,Ichchapuram,TDP,Ashok Bendalam
1,Ichchapuram,YSRCP,Piriya Vijaya
1,Ichchapuram,BSP,Bisai Vedavara
1,Ichchapuram,INC,Masupatri Chakravarthi Reddy
1,Ichchapuram,Independent,Surya Vara Prasada Rao Jannela
1,Ichchapuram,BCYP,Baddi Mukhalingam
1,Ichchapuram,JRBP,Labala Viswanadham
1,Ichchapuram,Independent,Murapala Lakshmi
1,Ichchapuram,Independent,Suggu Chakravarthi
1,Ichchapuram,NOTA,None Of The Above
2,Palasa,YSRCP,Appalaraju Seediri
2,Palasa,TDP,Gouthu Sireesha
2,Palasa,INC,Majji Trinath Babu
2,Palasa,BSP,Nagiri Srinivasa Rao
2,Palasa,JBNP,Anil Raju GMS
2,Palasa,BCYP,Appalaraju Moturu
2,Palasa,CPI(ML)(L),Kameswararao Pothanapalli
2,Palasa,Independent,Karni Venkataramana Murty
2,Palasa,Independent,Telagavalasa Jayaram
2,Palasa,Independent,D. Veeraswami
2,Palasa,NOTA,None Of The Above
3,Tekkali,Telugu Desam,Atchannaidu Kinjarapu
3,Tekkali,Indian National Congress,Killi Krupa Rani
3,Tekkali,Bahujan Samaj Party,Chintada Srinivasa Rao
3,Tekkali,Yuvajana Sramika Rythu Congress Party,Duvvada Srinivas
3,Tekkali,Jai Bharat National Party,Bypalli Parameswararao
3,Tekkali,Independent,Attada Rajesh
3,Tekkali,Independent,Geddavalasa Ramu
3,Tekkali,None of the Above,NOTA
4,Pathapatnam,Indian National Congress,Koppurautu Venkata Rao
4,Pathapatnam,Bahujan Samaj Party,Boddepalli Krishna Rao
4,Pathapatnam,Telugu Desam,Mamidi Govinda Rao
4,Pathapatnam,Yuvajana Sramika Rythu Congress Party,Reddy Shanthi
4,Pathapatnam,Jai Bharat National Party,Golla Tirupathi Rao
4,Pathapatnam,Gondwana Dandkaranya Party,Janni Sanjeeva Rao
4,Pathapatnam,Independent,Asapanna Sankara Rao
4,Pathapatnam,Independent,Koyyana Govinda Rao
4,Pathapatnam,Independent,Baggu Krushna
4,Pathapatnam,Independent,R. Mohana Rao
4,Pathapatnam,None of the Above,NOTA
5,Srikakulam,Indian National Congress,Ambati Krishna Rao
5,Srikakulam,Bahujan Samaj Party,Gujjala Suryanarayana
5,Srikakulam,Telugu Desam,Gondu Shankar
5,Srikakulam,Yuvajana Sramika Rythu Congress Party,Dharmana Prasada Rao
5,Srikakulam,Pyramid Party of India,Kari Lakshmana
5,Srikakulam,Bharatha Chaitanya Yuvajana Party,Panili Prasad
5,Srikakulam,Jai Bharat National Party,Ragolu Nagasiva
5,Srikakulam,None of the Above,NOTA
6,Amadalavalasa,Indian National Congress,Annajirao Sanapala
6,Amadalavalasa,Telugu Desam,Koona Ravi Kumar
6,Amadalavalasa,Yuvajana Sramika Rythu Congress Party,Thammineni Seetaram
6,Amadalavalasa,Bahujan Samaj Party,Someswara Rao Lasa
6,Amadalavalasa,Jaathia Chethi Vruthula Ikya Vedika Party,Gurugu Revathi
6,Amadalavalasa,Jai Bharat National Party,Buridi Gouri Shankar
6,Amadalavalasa,Pyramid Party of India,Muddada Madhusudana Rao
6,Amadalavalasa,Bharatha Chaitanya Yuvajana Party,Sepena Srinivasa Rao
6,Amadalavalasa,Independent,Ganapathi Jagadeeswara Rao (Jagadeesh)
6,Amadalavalasa,Independent,Gandhi Suvvari
6,Amadalavalasa,Independent,Muddada Rambujji
6,Amadalavalasa,Independent,Lolugu Venkata Rajasekhar
6,Amadalavalasa,Independent,Sanapala Suresh Kumar
6,Amadalavalasa,None of the Above,NOTA
7,Etcherla,Bharatiya Janata Party,Eswara Rao Nadukuditi
7,Etcherla,Indian National Congress,Karimajji Malleswara Rao
7,Etcherla,Yuvajana Sramika Rythu Congress Party,Kiran Kumar Gorle
7,Etcherla,Bahujan Samaj Party,Gantlana Ramarao
7,Etcherla,Pyramid Party of India,Koneti Neelachalam
7,Etcherla,Jai Bharat National Party,Barri Korlayya
7,Etcherla,Independent,Nadupuru Eswara Rao
7,Etcherla,Independent,Gorle Kiran Kumar
7,Etcherla,Independent,Gorle Rambabu
7,Etcherla,Independent,Ramya Suvvaru
7,Etcherla,None of the Above,NOTA
8,Narasannapeta,Yuvajana Sramika Rythu Congress Party,Krishnadas Dharmana
8,Narasannapeta,Indian National Congress,Manthri Narasimhamaurthy
8,Narasannapeta,Telugu Desam,Baggu Ramanamurthy
8,Narasannapeta,Navarang Congress Party,Kaya Kameswari
8,Narasannapeta,Jai Bharat National Party,Cheepuru Ravi
8,Narasannapeta,Independent,Bora Venkata Satyendranath Abhishek
8,Narasannapeta,Independent,Mylapalli Jagadeesh
8,Narasannapeta,None of the Above,NOTA
9,Rajam,Indian National Congress,Kambala Rajavardhana
9,Rajam,Telugu Desam,Kondru Murali Mohan
9,Rajam,Yuvajana Sramika Rythu Congress Party,Dr. Tale Rajesh
9,Rajam,Bahujan Samaj Party,Boccha Buddudu
9,Rajam,Jai Bharat National Party,Kuppili Chaitanyakumar
9,Rajam,Jaibhim Rao Bharat Party,Podugu Ramakrishna
9,Rajam,Independent,Yenni Raju
9,Rajam,Independent,Gandi Apparao
9,Rajam,Independent,Majji Ganapathi
9,Rajam,Independent,Mannena Ramesh
9,Rajam,None of the Above,NOTA
10,Palakonda,Indian National Congress,Chanti Babu Savara
10,Palakonda,Yuvajana Sramika Rythu Congress Party,Viswasarayi Kalavathi
10,Palakonda,Bahujan Samaj Party,Vooyaka Bhanu Chandar
10,Palakonda,Jatiya Jana Sena Party,Krishna Nimmaka
10,Palakonda,Janasena Party,Jayakrishna Nimmaka
10,Palakonda,Navarang Congress Party,Jaipalu Kadraka
10,Palakonda,Gondwana Dandkaranya Party,Biddika Uma Maheswara Rao
10,Palakonda,None of the Above,NOTA
11,Kurupam,Telugu Desam,Jagadeeswari Thoyaka
11,Kurupam,Bahujan Samaj Party,Tadangi Minnarao
11,Kurupam,Yuvajana Sramika Rythu Congress Party,Pamula Pushpa Sreevani
11,Kurupam,Communist Party of India (Marxist),Mandangi Ramana
11,Kurupam,Independent,Addakula Geetharani
11,Kurupam,Independent,Tadangi Srihari Rao Naidu
11,Kurupam,Independent,Mosuru Naga Bushan
11,Kurupam,None of the Above,NOTA
12,Parvathipuram,Yuvajana Sramika Rythu Congress Party,Alajangi Jogarao
12,Parvathipuram,Bahujan Samaj Party,Kuppili Venkata Ramana
12,Parvathipuram,Indian National Congress,Bathina Mohanarao
12,Parvathipuram,Telugu Desam,Bonela Vijaya Chandra
12,Parvathipuram,Jaibhim Rao Bharat Party,Gunta Jyothi
12,Parvathipuram,Jai Bharat National Party,Potnuru Kiran Kumar (Raj Kiran)
12,Parvathipuram,Independent,Udaya Bhanu Garbhapu
12,Parvathipuram,Independent,Garbhapu Mohana Rao
12,Parvathipuram,None of the Above,NOTA
13,Salur,Telugu Desam,Gummidi Sandhyarani
13,Salur,Bahujan Samaj Party,Muvvala Gnanaprakasam
13,Salur,Indian National Congress,Muvvala Pushpirao
13,Salur,Yuvajana Sramika Rythu Congress Party,Rajanna Dora Peedika
13,Salur,Samajwadi Party,Pusuru Sai
13,Salur,Independent,Kanchuri Bangaru Raju
13,Salur,Independent,Kella Murali
13,Salur,None of the Above,NOTA
14,Bobbili,Indian National Congress,Maripi Vidyasagar (Vinay)
14,Bobbili,Telugu Desam,R.V.S.K.K. Ranga Rao @ Babynayana
14,Bobbili,Yuvajana Sramika Rythu Congress Party,Venkata China Appala Naidu Sambangi
14,Bobbili,Bahujan Samaj Party,Savalapuram Ramana
14,Bobbili,Samajwadi Party,Kiran Kumar Reddy
14,Bobbili,Jaibhim Rao Bharat Party,Maradana Venkata Naidu
14,Bobbili,Independent,Prasanth Aketi
14,Bobbili,Independent,Marrapu Bhanu Murty
14,Bobbili,None of the Above,NOTA
15,Cheepurupalle,Indian National Congress,Aadinarayana Jammu
15,Cheepurupalle,Telugu Desam,Kalavenkatarao Kimidi
15,Cheepurupalle,Yuvajana Sramika Rythu Congress Party,Botcha Satyanarayana
15,Cheepurupalle,Bahujan Samaj Party,Sabbi Satyanarayana
15,Cheepurupalle,Reforms Party of India,Adapaka Suribabu
15,Cheepurupalle,Jaibhim Rao Bharat Party,Kanigiri Srinivasarao
15,Cheepurupalle,Independent,Gurugubelli Appalanaidu
15,Cheepurupalle,None of the Above,NOTA
16,Gajapathinagaram,Yuvajana Sramika Rythu Congress Party,Appalanarasayya Botcha
16,Gajapathinagaram,Telugu Desam,Kondapalli Srinivas
16,Gajapathinagaram,Bahujan Samaj Party,Chelluboina Srinu
16,Gajapathinagaram,Indian National Congress,Dola Srinivas
16,Gajapathinagaram,Pyramid Party of India,Kakarlapudi Sandhya
16,Gajapathinagaram,Samajwadi Party,Kilaparthi Kumar Raja
16,Gajapathinagaram,Naba Bharata Nirmana Seva Party,Kotthali Gowri Naidu
16,Gajapathinagaram,Jaibhim Rao Bharat Party,Penta Sankara Rao
16,Gajapathinagaram,Jai Bharat Party,Lenka Suryarao
16,Gajapathinagaram,Independent,Appalanaidu Kilari
16,Gajapathinagaram,Independent,Kurminaidu Gadapu
16,Gajapathinagaram,Independent,Talupula Sankar Rao
16,Gajapathinagaram,Independent,Mulagala Durga Rao
16,Gajapathinagaram,None of the Above,NOTA
17,Nellimarla,Yuvajana Sramika Rythu Congress Party,Appalanaidu Baddukonda
17,Nellimarla,Bahujan Samaj Party,Yerukonda Teja Rani
17,Nellimarla,Indian National Congress,Saragada Ramesh Kumar
17,Nellimarla,Reforms Party of India,Adapaka Suribabu
17,Nellimarla,Samajwadi Party,Karri Krishan
17,Nellimarla,Jaibhim Rao Bharat Party,Tompala Narasayya
17,Nellimarla,Akhil Bharatiya Jan Sangh,Nadipena Srinu
17,Nellimarla,Jatiya Jana Sena Party,Majji Nagamani
17,Nellimarla,Navarang Congress Party,Lenka Madhavi
17,Nellimarla,Janasena Party,Lokam Naga Madhavi
17,Nellimarla,Independent,Kandammatil Jayesh
17,Nellimarla,Independent,Pasupuleti Satya Prasad Babu
17,Nellimarla,None of the Above,NOTA
18,Vizianagaram,Telugu Desam,Aditi Vijayalakshmi Gajapathi Raju Pusapati
18,Vizianagaram,Bahujan Samaj Party,Arji Sivaprasad
18,Vizianagaram,Yuvajana Sramika Rythu Congress Party,Kolagatla Veerabhadra Swamy
18,Vizianagaram,Indian National Congress,Satish Kumar Sunkari
18,Vizianagaram,Samajwadi Party,Karunakar Penumatsa
18,Vizianagaram,Jatiya Jana Sena Party,Kalla Suri Babu
18,Vizianagaram,Yuga Thulasi Party,M.B. Gurunadha Sharma
18,Vizianagaram,Jaibhim Rao Bharat Party,Chintapalli Durga Rao
18,Vizianagaram,Akhil Bharatiya Jan Sangh,Polipalli Kiran Kumar
18,Vizianagaram,Independent,Geetha Meesala
18,Vizianagaram,Independent,Duddu Venkata Ramana
18,Vizianagaram,Independent,Padala Adinarayana
18,Vizianagaram,Independent,Pandriniki Venkata Ramana
18,Vizianagaram,Independent,Bhaskara Rao Chintapali
18,Vizianagaram,Independent,Suresh Kandivalasa
18,Vizianagaram,None of the Above,NOTA
19,Srungavarapukota,Yuvajana Sramika Rythu Congress Party,Kadubandi Srinivasa Rao
19,Srungavarapukota,Telugu Desam,Kolla Lalitha Kumari
19,Srungavarapukota,Indian National Congress,Gedela Tirupati
19,Srungavarapukota,Bahujan Samaj Party,Bonu Krishna
19,Srungavarapukota,Samajwadi Party,Vinnakota Jagannadha Rao
19,Srungavarapukota,Jatiya Jana Sena Party,Venkata Rao Yalla
19,Srungavarapukota,Independent,Golla Eswara Rao
19,Srungavarapukota,Independent,Chippada Seshagiri Rao
19,Srungavarapukota,Independent,Pididhi Eswaramma
19,Srungavarapukota,Independent,Bhaskarabhata Pushpalatha
19,Srungavarapukota,Independent,Lokabhi Ramakoti Kotyada
19,Srungavarapukota,Independent,Varadi Chiranjeevi
19,Srungavarapukota,None of the Above,NOTA
20,Bhimili,Indian National Congress,Venkata Varmaraju Addala
20,Bhimili,Telugu Desam,Ganta Srinivasa Rao
20,Bhimili,Bahujan Samaj Party,Bagam Gopala Rao
20,Bhimili,Yuvajana Sramika Rythu Congress Party,Muttamsetti Srinivasa Rao (Avanthi Srinivas)
20,Bhimili,Jai Bharat National Party,Elipilli Anil Kumar
20,Bhimili,Republican Party of India (A),Kola Haribabu
20,Bhimili,Jatiya Jana Sena Party,Ganta Srinivasarao
20,Bhimili,Samajwadi Party,Chodipalli Raju
20,Bhimili,Independent,Choppalli Saravan Ganesh
20,Bhimili,Independent,Nagamani Nagotu
20,Bhimili,Independent,Nookala Surya Prakash
20,Bhimili,Independent,Nandikolla Sandhya
20,Bhimili,Independent,Bavisetty Ramana Babu
20,Bhimili,Independent,Bugatha Ramu
20,Bhimili,Independent,Meka Sathya Kiran
20,Bhimili,None of the Above,NOTA
21,Visakhapatnam East,Indian National Congress,Guthula Srinivas Rao
21,Visakhapatnam East,Bahujan Samaj Party,Joseph Peter
21,Visakhapatnam East,Telugu Desam,Ramakrishna Babu Velagapudi
21,Visakhapatnam East,Yuvajana Sramika Rythu Congress Party,M V V Satyanarayana
21,Visakhapatnam East,Naba Bharata Nirmana Seva Party,Adapaka Dali Raju
21,Visakhapatnam East,Republican Party of India (A),Dr. Ganapathi Kongarapu
21,Visakhapatnam East,Praja Prasthanam Party,Thota Venkata Sai Mukund
21,Visakhapatnam East,Bharatha Chaitanya Yuvajana Party,Yedla Venugopala Krishna (Suman)
21,Visakhapatnam East,Pyramid Party of India,E. Hymavathi
21,Visakhapatnam East,Independent,Anagani Shiva Ramakrishna
21,Visakhapatnam East,Independent,Adada Ramani
21,Visakhapatnam East,Independent,Ummidi Bhaskar Rao
21,Visakhapatnam East,Independent,Barla Appala Padmakar Yadav
21,Visakhapatnam East,Independent,Vaddi Sirisha
21,Visakhapatnam East,None of the Above,NOTA
22,Visakhapatnam South,Bahujan Samaj Party,Kadiri Ramu
22,Visakhapatnam South,Yuvajana Sramika Rythu Congress Party,Ganesh Kumar Vasupalli
22,Visakhapatnam South,Indian National Congress,Vasupalli Santosh Kumar
22,Visakhapatnam South,Bhartiya Rashtriya Dal,Guntu Durga Prasad
22,Visakhapatnam South,Praja Prasthanam Party,Bura Srinivasu Rao
22,Visakhapatnam South,Jai Bharat National Party,Yerramsetty Suresh Kumar
22,Visakhapatnam South,Naba Bharata Nirmana Seva Party,Ravada Tata Rao
22,Visakhapatnam South,Jatiya Jana Sena Party,Vamsi Kirthi Kumar Buddhavarapu
22,Visakhapatnam South,Janasena Party,Ch. Vamsi Krishna Srinivas
22,Visakhapatnam South,Jai Maha Bharath Party,K. Sridevi
22,Visakhapatnam South,Samajwadi Party,Surada Yellaji
22,Visakhapatnam South,Independent,Kadagalla Eswararao
22,Visakhapatnam South,Independent,Killaparthi Mangaratnam
22,Visakhapatnam South,Independent,Dola Jagadesh
22,Visakhapatnam South,Independent,Tharakaram Lagisetti
22,Visakhapatnam South,Independent,J. Bipin Kumar Jain
22,Visakhapatnam South,None of the Above,NOTA
23,Visakhapatnam North,Yuvajana Sramika Rythu Congress Party,Kannaparaju Kammila (K.K. Raju)
23,Visakhapatnam North,Bahujan Samaj Party,Peddada Kanakamahalakshmi
23,Visakhapatnam North,Indian National Congress,Lakkaraju Rama Rao
23,Visakhapatnam North,Bharatiya Janata Party,Vishnu Kumar Raju Penmetsa
23,Visakhapatnam North,Samajwadi Party,Gumpula Sarat Babu
23,Visakhapatnam North,Naba Bharata Nirmana Seva Party,Chintada Suryamu
23,Visakhapatnam North,Jatiya Jana Sena Party,P. Jagadeesh
23,Visakhapatnam North,Jai Bharat National Party,Lakshmi Narayana V.V. (J D Lakshmi Narayana)
23,Visakhapatnam North,Independent,Koneti Eswara Veera Bhadracahri
23,Visakhapatnam North,Independent,Chappa Ramunaidu
23,Visakhapatnam North,Independent,Boddu Srinivas
23,Visakhapatnam North,Independent,Borra Ramesh
23,Visakhapatnam North,Independent,Yalamanchili Sahithi
23,Visakhapatnam North,Independent,Ronanki Chalapathi Rao
23,Visakhapatnam North,Independent,Vaddi Sirisha
23,Visakhapatnam North,None of the Above,NOTA
24,Visakhapatnam West,Bahujan Samaj Party,Athukumshetti Rama Chandra Rao
24,Visakhapatnam West,Yuvajana Sramika Rythu Congress Party,Adari Anand Kumar
24,Visakhapatnam West,Telugu Desam,P.G.V.R. Naidu (Ganababu)
24,Visakhapatnam West,Communist Party of India,Athili Vimala
24,Visakhapatnam West,Bharatha Chaitanya Yuvajana Party,Botta Koteswara Rao
24,Visakhapatnam West,Jatiya Jana Sena Party,Mandapati Srinivas Raju
24,Visakhapatnam West,Samajwadi Party,Ravi Kumar Velagada
24,Visakhapatnam West,Jai Bharat National Party,Venkata Ganesh Jaggumantri
24,Visakhapatnam West,Independent,Koyelada Jagadeesh
24,Visakhapatnam West,Independent,Jami Parvathi
24,Visakhapatnam West,Independent,Pediredla Nanaji
24,Visakhapatnam West,Independent,Vinjamuri Kiran Kumar
24,Visakhapatnam West,Independent,Hanumanthu Siva Chanukya Dora
24,Visakhapatnam West,None of the Above,NOTA
25,Gajuwaka,Yuvajana Sramika Rythu Congress Party,Avss Amarnath Gudivada
25,Gajuwaka,Communist Party of India (Marxist),Maradana Jaggunaidu
25,Gajuwaka,Bahujan Samaj Party,Apparao Nandikolla
25,Gajuwaka,Telugu Desam,Palla Srinivas Rao
25,Gajuwaka,Loktantrik Janta Dal,Thota Akkaiah
25,Gajuwaka,Jai Maha Bharath Party,Kandregula Adinarayana
25,Gajuwaka,Praja Prasthanam Party,Talapula Sailaja
25,Gajuwaka,Praja Shanthi Party,Anand Kilari
25,Gajuwaka,Naba Bharata Nirmana Seva Party,Bathula Neelakantam
25,Gajuwaka,Dalita Bahujana Party,Samuel John Dharmaraju Rayapati
25,Gajuwaka,Navataram Party,Sunkasuri Sarah Jyothi
25,Gajuwaka,Independent,Kakarlamudi Krishna Pradeep
25,Gajuwaka,Independent,Koviri Krishna
25,Gajuwaka,Independent,Srinivasa Rao Seemakurthi
25,Gajuwaka,None of the Above,NOTA
26,Chodavaram,Yuvajana Sramika Rythu Congress Party,Karanam Dharmasri
26,Chodavaram,Indian National Congress,Jagata Srinivasurao
26,Chodavaram,Bahujan Samaj Party,Vegi Mahalakshmi Naidu
26,Chodavaram,Telugu Desam,Surya Naga Sanyasi Raju Kalidindi
26,Chodavaram,Communist Party of India (Marxist–Leninist) (Liberation),Savirala Ganesh
26,Chodavaram,Independent,Pericharla Viveka Raju
26,Chodavaram,None of the Above,NOTA
27,Madugula,Yuvajana Sramika Rythu Congress Party,Anuradha Erli
27,Madugula,Bahujan Samaj Party,Karanam Tirupathi Rao
27,Madugula,Indian National Congress,Boddu Srinivasa
27,Madugula,Telugu Desam,Bandaru Satyanarayana Murthy
27,Madugula,Naba Bharata Nirmana Seva Party,Thalla Ravi
27,Madugula,Jaibhim Rao Bharat Party,Lekkala Eswara Rao
27,Madugula,Independent,Budi Ravi Kumar
27,Madugula,Independent,Mathala Arinaidu
27,Madugula,Independent,Mallarapu Lovachand
27,Madugula,None of the Above,NOTA
28,Araku Valley,Indian National Congress,Gangadharaswami Setty
28,Araku Valley,Bharatiya Janata Party,Rajarao Pangi
28,Araku Valley,Yuvajana Sramika Rythu Congress Party,Regam Matyalnigam
28,Araku Valley,Bahujan Samaj Party,Lake Rajarao
28,Araku Valley,Liberation Congress Party,Killo Anil Kumar
28,Araku Valley,Gondwana Dandakaranya Party,Chunchu Rajababu
28,Araku Valley,Jai Bharat National Party,Buridi Upendra
28,Araku Valley,Bharat Adivasi Party,Dr. Ramakrishna Puchapundi
28,Araku Valley,Independent,Abraham Siveri
28,Araku Valley,Independent,Eliah Chenda
28,Araku Valley,Independent,Kammidi Nirmala
28,Araku Valley,Independent,Gemmeli Krishnarao
28,Araku Valley,Independent,Naraji Madhu Babu
28,Araku Valley,Independent,Mosiya Sujatha
28,Araku Valley,Independent,Raghunadh Samardi
28,Araku Valley,Independent,Vanthala Ramanna
28,Araku Valley,Independent,Samardi Bhavani
28,Araku Valley,None of the Above,NOTA
29,Paderu,Bahujan Samaj Party,Appa Rao Surla
29,Paderu,Telugu Desam,Eswari Giddi
29,Paderu,Indian National Congress,Bulibabu Sataka
29,Paderu,Yuvajana Sramika Rythu Congress Party,Matsyarasa Visweswara Raju
29,Paderu,Bharatha Chaitanya Yuvajana Party,Killo Ranga Rao
29,Paderu,India Praja Bandhu Party,Joseph Kintukuri
29,Paderu,Jai Bharat National Party,Dumanthi Nageswara Rao
29,Paderu,Jai Maha Bharath Party,Bonku Arjunarao
29,Paderu,Samajwadi Party,Minumala Rambabu
29,Paderu,Independent,Adapa Vishnu Murthy
29,Paderu,Independent,Kokkula Kannababu
29,Paderu,Independent,Chetti Sankara Rao
29,Paderu,Independent,Cherrik Eprayam Babu
29,Paderu,Independent,Donkada Siva Prasad
29,Paderu,Independent,Valla Mounika
29,Paderu,Independent,Vanthala Subba Rao
29,Paderu,None of the Above,NOTA
30,Anakapalle,Indian National Congress,I. R. Gangadhar
30,Anakapalle,Yuvajana Sramika Rythu Congress Party,Bharath Kumar Malasala
30,Anakapalle,Bahujan Samaj Party,Sudhikonda Manikayala Rao
30,Anakapalle,Samajwadi Party,Ommi Venkat Yadav
30,Anakapalle,Pyramid Party of India,Ambikadevi Polamasetty
30,Anakapalle,Jai Bharat National Party,Kanisetty Suresh Babu
30,Anakapalle,Janasena Party,Konathala Ramakrishna
30,Anakapalle,Praja Prasthanam Party,Thota Venkata Sai Mukund
30,Anakapalle,Republican Party of India (Khobragade),Dommesi Apparao
30,Anakapalle,Prem Janata Dal,V. V. Ramachandra Rao Surisetty
30,Anakapalle,Independent,Alla Satti Raju
30,Anakapalle,Independent,Kapaprapu Satyanarayana
30,Anakapalle,None of the Above,NOTA
31,Pendurthi,Yuvajana Sramika Rythu Congress Party,Annamreddy Adeep Raj
31,Pendurthi,Bahujan Samaj Party,Bangari J. Ramana
31,Pendurthi,Indian National Congress,Bhagat Pirdii
31,Pendurthi,Pyramid Party of India,Eatha Roja
31,Pendurthi,Nationalist Janshakti Party,Eluru Venkata Ramana
31,Pendurthi,Jai Bharat National Party,Kanepalli Mahadev Kalyan Srikanth
31,Pendurthi,Janasena Party,Panchakarla Ramesh Babu
31,Pendurthi,Navarang Congress Party,Petchetti Ramesh Naidu
31,Pendurthi,Samajwadi Party,Bolem Venkata Murali Mohan
31,Pendurthi,Independent,Adari Nagaraju
31,Pendurthi,Independent,Kundrapu Sanyasi Rao
31,Pendurthi,Independent,Gunturu Venkata Narasimha Rao
31,Pendurthi,Independent,Ponnada Appala Naidu
31,Pendurthi,Independent,Vaddadi Udayakumar
31,Pendurthi,None of the Above,NOTA
32,Yelamanchili,Indian National Congress,Anantha Rama Narasingarao Thanakala
32,Yelamanchili,Yuvajana Sramika Rythu Congress Party,Uppalapati Venkata Ramanamurthy Raju
32,Yelamanchili,Bahujan Samaj Party,Lamba Srinivasa Rao
32,Yelamanchili,Pyramid Party of India,B. Ammajamma
32,Yelamanchili,Navarang Congress Party,Arjun Kumar Sundarapu
32,Yelamanchili,Jai Bharat National Party,Dadi Purna Chandra Rao
32,Yelamanchili,Reforms Party of India,Boja Nageswara Rao
32,Yelamanchili,Janasena Party,Sundarapu Vijay Kumar
32,Yelamanchili,Independent,Pragada Annapurna
32,Yelamanchili,Independent,Molleti Ramesh
32,Yelamanchili,None of the Above,NOTA
33,Payakaraopet,Telugu Desam,Anitha Vangalapudi
33,Payakaraopet,Bahujan Samaj Party,Kakara Narasimha Rao
33,Payakaraopet,Yuvajana Sramika Rythu Congress Party,Jogulu Kambala
33,Payakaraopet,Indian National Congress,Dr. Boni Tata Rao
33,Payakaraopet,Dalita Bahujana Party,Krishna Swaroop Vadlamuri
33,Payakaraopet,Jai Bharat National Party,Dulapalli Nageswar Rao
33,Payakaraopet,Prabuddha Republican Party,Paravada Ramakrishna
33,Payakaraopet,Independent,Boorthi Yesayya
33,Payakaraopet,Independent,Setibathula Dharmaraju
33,Payakaraopet,None of the Above,NOTA
34,Narsipatnam,Telugu Desam,Ayyanapatrudu Chintakayala
34,Narsipatnam,Yuvajana Sramika Rythu Congress Party,Uma Sankara Ganesh Petla
34,Narsipatnam,Bahujan Samaj Party,Botta Nagaraju
34,Narsipatnam,Indian National Congress,Ruthala Sirrama Murthy
34,Narsipatnam,Bharatha Chaitanya Yuvajana Party,Chandramouli Joga
34,Narsipatnam,Jaibhim Rao Bharat Party,Nethala Nageswar Rao
34,Narsipatnam,Independent,Paila Surya Ganesh
34,Narsipatnam,Independent,Baypureddi Bhadarchalam
34,Narsipatnam,None of the Above,NOTA
35,Tuni,Bahujan Samaj Party,Karri Nookaraju
35,Tuni,Indian National Congress,Gelam Srinivasarao
35,Tuni,Yuvajana Sramika Rythu Congress Party,Dadiseeti Raja
35,Tuni,Telugu Desam,Divya Yanamala
35,Tuni,Reforms Party of India,Yadala Ramakrishna
35,Tuni,Communist Party of India (Marxist–Leninist) (Liberation),Siva Vadaboyina
35,Tuni,Dalita Bahujana Party,Satish Dhuturthi
35,Tuni,Independent,Adi Venkata Satyanarayana Vegi
35,Tuni,Independent,Kona Ramakrishna
35,Tuni,Independent,Tamarana Apparao
35,Tuni,Independent,Bodapati Srinivasarao
35,Tuni,None of the Above,NOTA
36,Prathipadu,Indian National Congress,Neerukonda Veera Venkata Satyanarayana
36,Prathipadu,Bahujan Samaj Party,Burthi Srinu Babu
36,Prathipadu,Telugu Desam,Varupula Satya Prabha
36,Prathipadu,Yuvajana Sramika Rythu Congress Party,Varupula Subbarao
36,Prathipadu,Communist Party of India (Marxist–Leninist) (Liberation),Arjunarayegupati
36,Prathipadu,Pyramid Party of India,Aasina Srinivas
36,Prathipadu,Republican Party of India (A),Yedida Varaprasad Kumar
36,Prathipadu,Dalita Bahujana Party,Kondababu Netala
36,Prathipadu,Bharatha Chaitanya Yuvajana Party,Gompa Siva
36,Prathipadu,Jaibhim Rao Bharat Party,Daidisetty Veerababu
36,Prathipadu,Independent,Kothapalli Arjunan Rao
36,Prathipadu,Independent,Gontina Sivaraja
36,Prathipadu,Independent,Nammi Ganesh
36,Prathipadu,Independent,Pilli Balaramudu
36,Prathipadu,Independent,Surla Srinivasu
36,Prathipadu,None of the Above,NOTA
37,Pithapuram,Bahujan Samaj Party,Buli Raju Pratipati
37,Pithapuram,Indian National Congress,Madepalli Satyananda Rao
37,Pithapuram,Yuvajana Sramika Rythu Congress Party,Vanga Geetha Viswanath
37,Pithapuram,Janasena Party,Konidala Pawan Kalyan
37,Pithapuram,Jaibhim Rao Bharat Party,Jaggarrapu Mallikharjuna
37,Pithapuram,Bharatha Chaitanya Yuvajana Party,Tamanna Simhadri
37,Pithapuram,Telugu Janata Party,Pedimisetti Venkateswara Rao
37,Pithapuram,Pyramid Party of India,Madduri Veerababu
37,Pithapuram,Independent,Eeti Jagadeesh
37,Pithapuram,Independent,Yedida Bhaskar Rao
37,Pithapuram,Independent,Gowri Mani Bousetti
37,Pithapuram,Independent,Nagam Suribabu
37,Pithapuram,Independent,Sai Surya Nikhil Vegisetti
37,Pithapuram,None of the Above,NOTA
38,Kakinada Rural,Yuvajana Sramika Rythu Congress Party,Kurasala Kanna Babu
38,Kakinada Rural,Indian National Congress,Pilli Satya Lakshmi
38,Kakinada Rural,Bahujan Samaj Party,Sadhanala Raju
38,Kakinada Rural,Telugu Nava Garjana Party,Koramati Maharshi
38,Kakinada Rural,Jaibhim Rao Bharat Party,Dadala Babji
38,Kakinada Rural,Janasena Party,Pantam Venkateswara Rao (Pantam Nanaji)
38,Kakinada Rural,Jatiya Jana Sena Party,Pantala Venkateswara Rao
38,Kakinada Rural,Liberation Congress Party,Palivela Swaroop
38,Kakinada Rural,Navarang Congress Party,Melam Veeraswamy
38,Kakinada Rural,Independent,Annavaram Pithani
38,Kakinada Rural,Independent,Anyam Visweswara Rao
38,Kakinada Rural,Independent,Karri Gopalakrishna
38,Kakinada Rural,Independent,Chaganti Suryanarayana Murthy
38,Kakinada Rural,Independent,Madipalli Raju
38,Kakinada Rural,Independent,Velugutnala Veerabhadrarao
38,Kakinada Rural,None of the Above,NOTA
39,Peddapuram,Bahujan Samaj Party,Arun Kumar Peyyala
39,Peddapuram,Telugu Desam,China Rajappa Nimmakayala
39,Peddapuram,Indian National Congress,Thummala Dorababu
39,Peddapuram,Yuvajana Sramika Rythu Congress Party,Davuluri Dorababu
39,Peddapuram,India Praja Bandhu Party,Kesavarapu Rama Mohan Rao
39,Peddapuram,Jaibhim Rao Bharat Party,Bunga Satyanarayana
39,Peddapuram,Independent,Gangavarapu Lavanya
39,Peddapuram,Independent,Duvvada Kannyaya@Kannanbabu
39,Peddapuram,Independent,Motupalli Siva Kumar
39,Peddapuram,Independent,Rayudu Mujesh Babu
39,Peddapuram,None of the Above,NOTA
40,Anaparthy,Indian National Congress,Yella Srinivasa Rao
40,Anaparthy,Bahujan Samaj Party,Kollam Srinu
40,Anaparthy,Bharatiya Janata Party,Ramakrishna Reddy Nallamilli
40,Anaparthy,Yuvajana Sramika Rythu Congress Party,Doctor Sathi Suryanarayana Reddy
40,Anaparthy,Akhil Bharatiya Jan Sangh,Kovvuri Sivananda Reddy
40,Anaparthy,Jaibhim Rao Bharat Party,Gangadhar Lingam
40,Anaparthy,Liberation Congress Party,Shek Sardhar Hussen
40,Anaparthy,Independent,Chelle Srinu
40,Anaparthy,Independent,Pulagam Surreddy
40,Anaparthy,None of the Above,NOTA
41,Kakinada City,Bahujan Samaj Party,Kambham Raju Babu
41,Kakinada City,Indian National Congress,Chekka Nookaraju
41,Kakinada City,Yuvajana Sramika Rythu Congress Party,Dwarampudi Chandrasekhara Reddy
41,Kakinada City,Telugu Desam,Vanamadi Venkateswara Rao @ Kondababu
41,Kakinada City,Telugu Nava Garjana Party,Katru Nagababu
41,Kakinada City,Jaibhim Rao Bharat Party,Chakravarthi Ginjala
41,Kakinada City,Telugu Janata Party,Munagala Sai Gopi
41,Kakinada City,Pyramid Party of India,Leela Surya Kiran Yanamandra
41,Kakinada City,Navarang Congress Party,M. Venkateswara Rao (Bandababu)
41,Kakinada City,Jatiya Jana Sena Party,V. Venkateswara Rao (Kondababu)
41,Kakinada City,Independent,Kasimkota Chandrasekhar
41,Kakinada City,Independent,M. Prabhakara Rao
41,Kakinada City,Independent,B. Bairavaswamy
41,Kakinada City,Independent,T. Srinivasa Rao
41,Kakinada City,Independent,Satish Kumar
41,Kakinada City,None of the Above,NOTA
42,Ramachandrapuram,Indian National Congress,Kota Srinivasa Rao
42,Ramachandrapuram,Yuvajana Sramika Rythu Congress Party,Pilli Surya Prakash
42,Ramachandrapuram,Bahujan Samaj Party,Matha Rani Subrahmanyam
42,Ramachandrapuram,Telugu Desam,Vasamshetty Subash
42,Ramachandrapuram,Pyramid Party of India,Jutluka Venkatarrao
42,Ramachandrapuram,Bharatha Chaitanya Yuvajana Party,Barla Srinivas Yadav
42,Ramachandrapuram,Independent,Kate Subrahmanyam
42,Ramachandrapuram,Independent,Koyya Bangaru Babu
42,Ramachandrapuram,Independent,Chandra Sekhar Madiki
42,Ramachandrapuram,Independent,Jhai Sree Sureyndra Nadha Babuji Sreeguthula
42,Ramachandrapuram,Independent,Yarramsetti Ramaraaju
42,Ramachandrapuram,Independent,Lanka Praveen Kumar
42,Ramachandrapuram,Independent,Sujata Chekka
42,Ramachandrapuram,None of the Above,NOTA
43,Mummidivaram,Telugu Desam,Datla Subbaraju (Buchibabu)
43,Mummidivaram,Indian National Congress,Paleppu Dharma Rao
43,Mummidivaram,Yuvajana Sramika Rythu Congress Party,Ponnada Venkata Satish Kumar
43,Mummidivaram,Bahujan Samaj Party,Bhimarao Vakapalli
43,Mummidivaram,Republican Party of India,Dadala Rama Krishna
43,Mummidivaram,All India Forward Bloc,Pemmadi Swami
43,Mummidivaram,Jai Bharat National Party,Babuj Vanacharla
43,Mummidivaram,Telugu Nava Garjana Party,Mallidi Krishna Rao
43,Mummidivaram,Pyramid Party of India,R. Maha Lakshmi
43,Mummidivaram,Independent,Angadi Revathi
43,Mummidivaram,Independent,Tekumudi Venkata Rao
43,Mummidivaram,Independent,Donga Satya Ram
43,Mummidivaram,Independent,Ravi Kumar Cheekurmelli
43,Mummidivaram,Independent,Rayudu Sriram Chandra Murthy
43,Mummidivaram,Independent,Sattiraju Swamy
43,Mummidivaram,None of the Above,NOTA
44,Amalapuram,Telugu Desam,Aithabathula Anandarau
44,Amalapuram,Indian National Congress,Aithabathula Subhashini
44,Amalapuram,Bahujan Samaj Party,Mohan Babu Polamuri
44,Amalapuram,Yuvajana Sramika Rythu Congress Party,Viswarupu Pinpe
44,Amalapuram,Jatiya Jana Sena Party,Aitabathula Abhimanyudu
44,Amalapuram,Navarang Congress Party,Aitabathula Ananda Babu
44,Amalapuram,Liberation Congress Party,Iswarya Bojua
44,Amalapuram,Loktantrik Janta Dal,Janga Rajendrakumar
44,Amalapuram,Jai Bharat National Party,Devarapalli Raju
44,Amalapuram,Independent,Chutugulla Veera Venkata Satyanarayana
44,Amalapuram,Independent,Paramata Syamkumar
44,Amalapuram,Independent,Beera Ramarao
44,Amalapuram,Independent,Varasala Satyanarayana
44,Amalapuram,None of the Above,NOTA
45,Razole,Yuvajana Sramika Rythu Congress Party,Gollapalli Surya Rao
45,Razole,Bahujan Samaj Party,Pulapakura Lilni Asha Rani
45,Razole,Indian National Congress,Sarella Prasanna Kumar
45,Razole,Janasena Party,Deva Varaprasad
45,Razole,Pyramid Party of India,Yarlagadda Krishna
45,Razole,Jatiya Jana Sena Party,Venkata Prasad Manukonda M A
45,Razole,Independent,Kondeti Prabhakara Reddy
45,Razole,Independent,Pothumudi Alivelu Mangatayaru
45,Razole,Independent,Boddapalli Nageswara Rao
45,Razole,Independent,Mathi Jaya Prakash
45,Razole,None of the Above,NOTA
46,Gannavaram (SC),Bahujan Samaj Party,Kollabathula Satyanarayana (Satyam)
46,Gannavaram (SC),Indian National Congress,Chittibabu Kondeti
46,Gannavaram (SC),Yuvajana Sramika Rythu Congress Party,Vipparthi Venu Gopala Rao
46,Gannavaram (SC),Pyramid Party of India,Khandavalli Surendra
46,Gannavaram (SC),Janasena Party,Giddi Satyanarayana
46,Gannavaram (SC),Jai Bhim Rao Bharat Party,Dukkipati Vijaya Chandra
46,Gannavaram (SC),Liberation Congress Party,Nakka Sekhar
46,Gannavaram (SC),Jai Bharat National Party,Balakrishna Kota
46,Gannavaram (SC),Navarang Congress Party,Satyanarayana Giddi
46,Gannavaram (SC),Jatiya Jana Sena Party,Satyanarayana Giddi
46,Gannavaram (SC),Independent,Anandarao Kollabathula
46,Gannavaram (SC),Independent,Gannavaram Chandra Anand
46,Gannavaram (SC),Independent,Nagabathula Hemanth Kumar
46,Gannavaram (SC),Independent,Makey Davy Prasad
46,Gannavaram (SC),None of the Above,NOTA
47,Kothapeta,Indian National Congress,Eswara Rao Routhu
47,Kothapeta,Bahujan Samaj Party,Kandru Venkateswara Rao
47,Kothapeta,Yuvajana Sramika Rythu Congress Party,Chirla Jagoreddy
47,Kothapeta,Telugu Desam,Bandaru Satyananda Rao
47,Kothapeta,Jai Bharat National Party,Aruna Kiran Satyala
47,Kothapeta,Liberation Congress Party,Dadala Chandra Rao
47,Kothapeta,Navarang Congress Party,Bandaru Srinivasa Rao
47,Kothapeta,Independent,Bocha Srinivasarao
47,Kothapeta,Independent,Merla Sastrulu
47,Kothapeta,Independent,Rayudu Raju
47,Kothapeta,Independent,Saladi V.V.S. Murthy
47,Kothapeta,Independent,Ambarkuhana Sudhakar
47,Kothapeta,Independent,Sunakara Lakshmi Mani Kumari
47,Kothapeta,None of the Above,NOTA
48,Mandapeta,Indian National Congress,Kamana Prabhakara Rao
48,Mandapeta,Bahujan Samaj Party,Gurrapu Kottilya
48,Mandapeta,Telugu Desam,Jogeswara Rao V
48,Mandapeta,Yuvajana Sramika Rythu Congress Party,Thota Trimurthulu
48,Mandapeta,Liberation Congress Party,Nalla Chinna Rao
48,Mandapeta,Navataram Party,Nandikolla Raju
48,Mandapeta,Republican Party of India (A),Sadey David Raju
48,Mandapeta,Independent,Kona Surya Bhaskara Rao
48,Mandapeta,Independent,Mandapalli Ravi
48,Mandapeta,Independent,Rayudu Srinivasu
48,Mandapeta,Independent,Veera Venkata Satyanarayana Kona
48,Mandapeta,Independent,Srikrishna Kona
48,Mandapeta,Independent,Satyanarayana Marni
48,Mandapeta,None of the Above,NOTA
49,Rajanagaram,Yuvajana Sramika Rythu Congress Party,Jakkampudi Raja
49,Rajanagaram,Indian National Congress,Munduri Venkata Srinivas (Pedababu)
49,Rajanagaram,Bahujan Samaj Party,Ravi Kumar Ellamilli
49,Rajanagaram,Rashtriya Praja Congress (Secular),Kothapalli Bhaskara Ramam
49,Rajanagaram,Janasena Party,Bathula Balaramakrishna S/o Gangarao
49,Rajanagaram,Jatiya Jana Sena Party,Bathula Bala Rama Krishna S/o Ramarao Bathula
49,Rajanagaram,Navarang Congress Party,Battula Balaramakrishna S/o Srinivasa Rao Battula
49,Rajanagaram,India Praja Bandhu Party,Madda Venkata Rao (Joshua)
49,Rajanagaram,Jai Bharat National Party,P. Satyanarayana
49,Rajanagaram,Independent,Anand Kumar Barre
49,Rajanagaram,Independent,Kusume Gandhi
49,Rajanagaram,Independent,Bathula Venkatalakshmi
49,Rajanagaram,None of the Above,NOTA
50,Rajahmundry City,Telugu Desam,Adireddy Srinivas
50,Rajahmundry City,Indian National Congress,Bodda Venkat
50,Rajahmundry City,Yuvajana Sramika Rythu Congress Party,Margani Bharat Ram
50,Rajahmundry City,Bahujan Samaj Party,Surekha Paramata
50,Rajahmundry City,Jai Bharat National Party,B. Krishna Chaitanya
50,Rajahmundry City,Rashtriya Praja Congress (Secular),Meda Srinivasa Rao
50,Rajahmundry City,Pyramid Party of India,Yanamadala Mohan Babu
50,Rajahmundry City,Jana Vaahini Party,Vemana Ganesh
50,Rajahmundry City,Liberation Congress Party,Vanguri Vijaya Satya M.A, M.A, B.Ed
50,Rajahmundry City,Independent,Bethala Venkateswara Rao
50,Rajahmundry City,None of the Above,NOTA
51,Rajahmundry Rural,Bahujan Samaj Party,Kondapalli Suribabu
51,Rajahmundry Rural,Yuvajana Sramika Rythu Congress Party,Gopalakrishna Chelluboina (Venu)
51,Rajahmundry Rural,Telugu Desam,Gorantla Butchaiah Choudary
51,Rajahmundry Rural,Indian National Congress,Balepalli Muralidhar
51,Rajahmundry Rural,Bharatha Chaitanya Yuvajana Party,Duggirala Sridevi
51,Rajahmundry Rural,Jai Bharat National Party,Mannava Raghuram
51,Rajahmundry Rural,Independent,Chintalapati Pavan Kumar
51,Rajahmundry Rural,None of the Above,NOTA
52,Jaggampeta,Bahujan Samaj Party,Juthuka Nageswara Rao
52,Jaggampeta,Telugu Desam,Jyothula Nehru
52,Jaggampeta,Yuvajana Sramika Rythu Congress Party,Thota Narasimham
52,Jaggampeta,Indian National Congress,Marothi Siva Ganesh
52,Jaggampeta,Republican Party of India (Khobragade),Kothapalli Suribabu
52,Jaggampeta,Pyramid Party of India,Chitturi Naga Lakshmi
52,Jaggampeta,Jai Bhim Rao Bharat Party,Valluri Satyanandam
52,Jaggampeta,Liberation Congress Party,Sadhe Narendrababu
52,Jaggampeta,Independent,Kaldari Rani
52,Jaggampeta,Independent,Dommeti Kusalanaina
52,Jaggampeta,Independent,Patamsetti Suryachandra
52,Jaggampeta,Independent,Baireddy Solomon Raju
52,Jaggampeta,Independent,Bodeti Apparao
52,Jaggampeta,Independent,Dr. Sunkumalla Apparao
52,Jaggampeta,None of the Above,NOTA
53,Rampachodavaram,Bahujan Samaj Party,Kakru Kannam Reddy
53,Rampachodavaram,Yuvajana Sramika Rythu Congress Party,Nagulpalli Dhanalakshmi
53,Rampachodavaram,Telugu Desam,Miriyala Sirisha Devi
53,Rampachodavaram,Communist Party of India (Marxist),Lotha Ramarao
53,Rampachodavaram,Republican Party of India,Dumanthu Viswanadham
53,Rampachodavaram,Bharat Adivasi Party,Madditi Anji Reddy
53,Rampachodavaram,Pyramid Party of India,Manupudi Subba Rao
53,Rampachodavaram,Independent,Kunuja Srinu
53,Rampachodavaram,Independent,Pallala Latchi Reddy
53,Rampachodavaram,Independent,Paladugu Lakshmi Prasanna
53,Rampachodavaram,Independent,Paladugu Sri Venkateswara Rao
53,Rampachodavaram,Independent,Bangaru Venkatesh
53,Rampachodavaram,None of the Above,NOTA
54,Kovvur,Indian National Congress,Arigela Aruna Kumari
54,Kovvur,Yuvajana Sramika Rythu Congress Party,Talari Venkata Rao
54,Kovvur,Telugu Desam,Muppidi Venkateswara Rao
54,Kovvur,Liberation Congress Party,Bonta Syam Ravi Prakash
54,Kovvur,Navarang Congress Party,Muppidi Sekhar Babu
54,Kovvur,Rashtriya Praja Congress (Secular),Sekhar Babu Koyya
54,Kovvur,Independent,Uba Srikanth
54,Kovvur,Independent,Kamala Arugolanu
54,Kovvur,Independent,Kokkiripati Chinababu
54,Kovvur,Independent,Tatapudi Praveen
54,Kovvur,Independent,Bontha Kishore
54,Kovvur,None of the Above,NOTA
55,Nidadavole,Bahujan Samaj Party,Gummapu Chitrasenu
55,Nidadavole,Indian National Congress,Peddireddi Subbarao
55,Nidadavole,Yuvajana Sramika Rythu Congress Party,G. Srinivasa Naidu
55,Nidadavole,All India Forward Bloc,Kasturi Satya Prasad
55,Nidadavole,Jatiya Jana Sena Party,Kottiyada Durga
55,Nidadavole,Navarang Congress Party,Kancherla Durgesh
55,Nidadavole,Janasena Party,Kandula Durgesh
55,Nidadavole,Jai Bharat National Party,Pulamalla Veera Bhadram
55,Nidadavole,Pyramid Party of India,Mukkamala Annavara Prasad (Pyramid Prasad)
55,Nidadavole,Independent,Arigela Satya Vara Prasad
55,Nidadavole,Independent,Venkateswara Naidu Gidda
55,Nidadavole,Independent,Srinivasa Naidu Gidda
55,Nidadavole,None of the Above,NOTA
56,Achanta,Bahujan Samaj Party,Aluri Chinnarau
56,Achanta,Yuvajana Sramika Rythu Congress Party,Cherukuvada Sri Ranganadha Raju
56,Achanta,Indian National Congress,Nekkanti Venkata Satyanarayana (Satish)
56,Achanta,Telugu Desam,Satyanarayana Pithani
56,Achanta,Jaathia Chethi Vruthula Ikya Vedika Party,Allada Surya Bhaskara Rao
56,Achanta,Jaihbhim Rao Bharat Party,Kaki Syam Kumar
56,Achanta,Jai Bharat National Party,Velagala Sreenivasa Reddy
56,Achanta,Independent,Ramojupurna Chandra Sekhar
56,Achanta,Independent,Sikile Ratnaraju
56,Achanta,None of the Above,NOTA
57,Palacole,Indian National Congress,Arjunarao Kolukulluri
57,Palacole,Bahujan Samaj Party,Eliya Kollabathula
57,Palacole,Yuvajana Sramika Rythu Congress Party,Gudala Sri Hari Gopala Rao (Gudala Gopi)
57,Palacole,Telugu Desam,Dr. Nimmala Ramanaidu
57,Palacole,Pyramid Party of India,Poisetti Siva Krishna
57,Palacole,Jai Bharat National Party,Bezawada Tulasirao
57,Palacole,Independent,Anantha Naga Bhushanam Tamma
57,Palacole,Independent,Kotikalapudi Pradeep
57,Palacole,Independent,Jalla Vasu
57,Palacole,Independent,Taneti Chinnabbulu
57,Palacole,Independent,Taneti Prasad
57,Palacole,Independent,Nalli Rajesh
57,Palacole,Independent,Palaparthi John Son
57,Palacole,Independent,Vasanthala D.V. Suresh
57,Palacole,Independent,Saladi Sri Rama Murthy
57,Palacole,None of the Above,NOTA
58,Narasapuram,Indian National Congress,Kanuri Udaya Bhaskara Krishna Prasad
58,Narasapuram,Bahujan Samaj Party,Bandela Rajendra Prasad
58,Narasapuram,Yuvajana Sramika Rythu Congress Party,Nagaraja Vara Prasada Raju Mudunuri
58,Narasapuram,Bharatha Chaitanya Yuvajana Party,Akula Venkata Swamy
58,Narasapuram,Navarang Congress Party,Kolli Satya Nayakar
58,Narasapuram,Jatiya Jana Sena Party,Palepu Satya Linga Nayakar
58,Narasapuram,Jaihbhim Rao Bharat Party,Pothuraju Yacobu
58,Narasapuram,Pyramid Party of India,Burra Ramakrishna
58,Narasapuram,Janasena Party,Bommidi Narayana Nayakar
58,Narasapuram,Independent,Kanchana Venkata Ramesh
58,Narasapuram,Independent,Gadi Ravi
58,Narasapuram,None of the Above,NOTA
59,Bhimavaram,Indian National Congress,Ankem Seetaram
59,Bhimavaram,Yuvajana Sramika Rythu Congress Party,Grandhi Srinivas
59,Bhimavaram,Bahujan Samaj Party,Bugge Racherla
59,Bhimavaram,Pyramid Party of India,Alluri Srinivasa Raju
59,Bhimavaram,Jatiya Jana Sena Party,Kadiem Ramanjaneyulu
59,Bhimavaram,All India Forward Bloc,Dandu Srinivasa Raju
59,Bhimavaram,Bharatha Chaitanya Yuvajana Party,Pepeti Vaddi Kasulu
59,Bhimavaram,Navarang Congress Party,Pericherla Ramanjaneyulu
59,Bhimavaram,Jaihbhim Rao Bharat Party,Baswani Pavan Kumar
59,Bhimavaram,Janasena Party,Ramanjaneyulu Pulaparathi (Anjibabu)
59,Bhimavaram,Independent,Yedukondalu
59,Bhimavaram,Independent,Guggilapu Ramakrishna
59,Bhimavaram,Independent,Chamakuri Kusuma Kumari Padmavathi
59,Bhimavaram,Independent,Mandava Nageswara Rao
59,Bhimavaram,Independent,Mehar Manohar Pentapati
59,Bhimavaram,None of the Above,NOTA
60,Undi,Telugu Desam,Kanumuru Raghu Rama Krishna Raju (R R R)
60,Undi,Yuvajana Sramika Rythu Congress Party,Pemmesati Venkata Lakshmi Narasimha Raju (P.V.L.)
60,Undi,Bahujan Samaj Party,Mallipudi Sharmila
60,Undi,Indian National Congress,Venkata Gopala Krishnam Raju Vcgesna
60,Undi,Pyramid Party of India,Alluri Satish Chandra Kumar
60,Undi,Nationalist Janshakti Party,Kadiyam Suribabu
60,Undi,Akhil Bharatiya Jan Sangh,Ravi Varma Mudundi
60,Undi,Neethi Niyjyivthi Party,Siva Rama Raju P
60,Undi,All India Forward Bloc,V V Siva Rama Raju (Kalvapudi Siva)
60,Undi,Independent,Kunaparaju Venkata Krishnam Raju
60,Undi,Independent,Premakumar Didla (Yendagandi Premji)
60,Undi,Independent,Siva Gajula (Kolamuru Siva)
60,Undi,Independent,Sateesh Raju Dandu
60,Undi,None of the Above,NOTA
61,Tanuku,Bahujan Samaj Party,Akumarthi Dhanunjaya
61,Tanuku,Telugu Desam,Arimilli Radha Krishna
61,Tanuku,Indian National Congress,Kadali Rama Rao
61,Tanuku,Yuvajana Sramika Rythu Congress Party,Karumuri Venkata Nageswara Rao
61,Tanuku,Jaibhim Rao Bharat Party,Saaka Suresh
61,Tanuku,Independent,Karuturi Subbarao
61,Tanuku,Independent,Kumari Puppala
61,Tanuku,Independent,Koduri Mehar Chaitanya
61,Tanuku,Independent,Chitturi Satyanarayana
61,Tanuku,Independent,Mamidisetti Mohan Aaji
61,Tanuku,Independent,Murali Krishna Sajja
61,Tanuku,Independent,Rapeti Ramana Babu
61,Tanuku,Independent,Ramachandara Rao Kusampudi
61,Tanuku,None of the Above,NOTA
62,Tadepalligudem,Yuvajana Sramika Rythu Congress Party,Kottu Satyanarayana
62,Tadepalligudem,Indian National Congress,Marneedi Sekhar (Babu)
62,Tadepalligudem,Jai Bharat National Party,P.S.R. Krishna
62,Tadepalligudem,Jatiya Jana Sena Party,Busanaboyina Anjaneyulu
62,Tadepalligudem,Janasena Party,Boisetty Srinivas
62,Tadepalligudem,Navarang Congress Party,Boisetty Srinivasa Rao
62,Tadepalligudem,Republican Party of India (A),Marapatla Raju
62,Tadepalligudem,Pyramid Party of India,Meka Venkateswara Rao
62,Tadepalligudem,Independent,Ungarala Padma
62,Tadepalligudem,Independent,Nadapana Achyuta Kumar
62,Tadepalligudem,Independent,B. Rajesh
62,Tadepalligudem,Independent,Lanka Prasad
62,Tadepalligudem,Independent,Sirivarapu Simhachalam
62,Tadepalligudem,None of the Above,NOTA
63,Ungutur,Indian National Congress,Pathapati Hari Kumara Raju
63,Ungutur,Yuvajana Sramika Rythu Congress Party,Puppala Srinivasa Rao (Vasu Babu)
63,Ungutur,Bahujan Samaj Party,Bunga Yesu
63,Ungutur,Janasena Party,Dharmaraju Patsamatla
63,Ungutur,Jatiya Jana Sena Party,Pedapudi Dharmaraju
63,Ungutur,Pyramid Party of India,Perumalla Murali Krishna
63,Ungutur,Navarang Congress Party,Potla Dharmaraju
63,Ungutur,Independent,Aseerwadam Nekuri
63,Ungutur,Independent,Nallamelli Shankara Rao
63,Ungutur,Independent,Putta Kumar
63,Ungutur,Independent,Puppala Srinivasa Rao (Vasu Babu)
63,Ungutur,Independent,Bathu Nageswara Rao (Nagaraju)
63,Ungutur,None of the Above,NOTA
64,Denduluru,Yuvajana Sramika Rythu Congress Party,Abbaya Chowdary Kotharu
64,Denduluru,Indian National Congress,Ailapati Narasimha Murthy
64,Denduluru,Telugu Desam,Chintamaneni Prabhakar
64,Denduluru,Bahujan Samaj Party,Netala Ramesh Babu
64,Denduluru,Jatiya Jana Sena Party,Chilukuri Prabhakar Rao
64,Denduluru,Pyramid Party of India,Prasad Amudalapalli
64,Denduluru,Independent,Ashok Chowdary
64,Denduluru,Independent,Alaga Ravi Kumar
64,Denduluru,Independent,Konakalla Srinivasa Rao
64,Denduluru,Independent,Cherukuri Sri Ram Kumar
64,Denduluru,Independent,Naga Ram Prasad Perisetti
64,Denduluru,Independent,Nuti Nagaraju
64,Denduluru,Independent,Nuthi Ravindra
64,Denduluru,Independent,Pachigolla John Dharma Raju
64,Denduluru,Independent,Palli Ramesh
64,Denduluru,None of the Above,NOTA
65,Eluru,Yuvajana Sramika Rythu Congress Party,Alla Kali Krishna Srinivas
65,Eluru,Bahujan Samaj Party,Rathan Kanth Andugala
65,Eluru,Telugu Desam,Radha Krishnaayya Badeti
65,Eluru,Pyramid Party of India,Alluri Satyanarayana Raju
65,Eluru,Jai Bharat National Party,Joshila Mulagala
65,Eluru,Communist Party of India,Bandi Venkateswara Rao
65,Eluru,Republican Party of India (A),Mathe Bobby
65,Eluru,Reforms Party of India,Shaik Hussain
65,Eluru,Independent,Jillellamudi Naga Umamaheswara Rao
65,Eluru,Independent,Nallameli Prasanna Kumar
65,Eluru,Independent,M.M. Naidu
65,Eluru,Independent,Pitta Dhanunjay Kumar
65,Eluru,Independent,Pousetti Tulasiram
65,Eluru,Independent,Rajanala Srinivasa Rao
65,Eluru,None of the Above,NOTA
66,Gopalpuram,Yuvajana Sramika Rythu Congress Party,Taneti Vanita
66,Gopalpuram,Bahujan Samaj Party,Bharatha Rao Sirra (Bharath)
66,Gopalpuram,Telugu Desam,Maddipati Venkata Raju
66,Gopalpuram,Indian National Congress,Sodadasi Martin Luther
66,Gopalpuram,Jatiya Jana Sena Party,Penumaka Venkata Ratnam
66,Gopalpuram,All India Forward Bloc,Bathula Venu
66,Gopalpuram,Jai Bharat National Party,Srinivasa Rao Mulagalia
66,Gopalpuram,Independent,Doddagirala Nagarjuna
66,Gopalpuram,Independent,Mukkavalli Venkata Ramana
66,Gopalpuram,Independent,Rapaka Hareesh Kumar
66,Gopalpuram,None of the Above,NOTA
67,Polavaram,Yuvajana Sramika Rythu Congress Party,Tellam Rajya Lakshmi
67,Polavaram,Bahujan Samaj Party,Madakam Venkateswara Rao
67,Polavaram,Indian National Congress,Srujana Duvvela
67,Polavaram,Yuva Taram Party,Uke Mangamma
67,Polavaram,Janasena Party,Chirri Balaraju
67,Polavaram,Gondwana Dandkaranya Party,Madakam Venkateswara Rao
67,Polavaram,Bharat Adivasi Party,Modiyam Srinivasarao
67,Polavaram,Independent,Kaka Krishna
67,Polavaram,Independent,Badisa Bojju Dora
67,Polavaram,Independent,Modiyam Surya Chandra Rao
67,Polavaram,Independent,Sariyam Ram Mohan
67,Polavaram,Independent,Sariyam Suramma
67,Polavaram,None of the Above,NOTA
68,Chintalapudi,Indian National Congress,Vunnamala Rakada Eliza
68,Chintalapudi,Yuvajana Sramika Rythu Congress Party,Kambham Vijaya Raju
68,Chintalapudi,Telugu Desam,Roshan Kumar Songa
68,Chintalapudi,Bahujan Samaj Party,Venkata Chaitanya Lakkapamu
68,Chintalapudi,Independent,Esther Rani Muvvala
68,Chintalapudi,Independent,Kalapala Prasad
68,Chintalapudi,Independent,Torlapati Srinivasarao
68,Chintalapudi,Independent,Pachigolla John Dharma Raju
68,Chintalapudi,None of the Above,NOTA
69,Tiruvuru (SC),Telugu Desam,Kolikapudi Srinivasa Rao
69,Tiruvuru (SC),Yuvajana Sramika Rythu Congress Party,Nallagatla Swamy Das
69,Tiruvuru (SC),Bahujan Samaj Party,Lakkepogu Vandana Kumar
69,Tiruvuru (SC),Indian National Congress,Lam Thantiva Kumari
69,Tiruvuru (SC),Bharatha Chaitanya Yuvajana Party,Chilaparapu Venkateswara Rao
69,Tiruvuru (SC),Jana Vaahini Party,Bolippogu Nagaraju
69,Tiruvuru (SC),Liberation Congress Party,Seelam Raja
69,Tiruvuru (SC),Independent,Kurapati Krishnaiah
69,Tiruvuru (SC),Independent,Korlapati Raveendrababbu
69,Tiruvuru (SC),Independent,Kolikapogu Venkata Rao
69,Tiruvuru (SC),Independent,Bimala Anusha
69,Tiruvuru (SC),Independent,Mehar Baba Vasam
69,Tiruvuru (SC),None of the Above,NOTA
70,Nuzvid,Telugu Desam,Kolisu Partha Sarathy
70,Nuzvid,Bahujan Samaj Party,Chaliganti Venkatesh (Doctor)
70,Nuzvid,Indian National Congress,Mareedu Krishna
70,Nuzvid,Yuvajana Sramika Rythu Congress Party,Meka Venkata Pratap Apparao
70,Nuzvid,Reforms Party of India,Pamu Ravendra Nadh
70,Nuzvid,Jatiya Jana Sena Party,Somu Venkata Siva Purna Chandrarao (Siva)
70,Nuzvid,Independent,Amudala Issaku @ Pitchaiah
70,Nuzvid,Independent,Kolisu Kamala Lakshmi
70,Nuzvid,Independent,Botla Siva Satyanarayana
70,Nuzvid,Independent,Mandalapu Srinivasarao
70,Nuzvid,None of the Above,NOTA
71,Gannavaram,Communist Party of India (Marxist),Kallam Venkateswara Rao
71,Gannavaram,Telugu Desam,Yarlagadda Venkata Rao
71,Gannavaram,Yuvajana Sramika Rythu Congress Party,Vamsi Vallabhaneni
71,Gannavaram,Telugu Rajadhikara Samiti Party,Tadanki Jagdish Ramachandrarao
71,Gannavaram,All India Forward Bloc,Dondapati Anand Prasad
71,Gannavaram,Republican Party of India (Athawale),Potluri Ravindra Kumar
71,Gannavaram,Independent,Aruna Kumari Prathipati
71,Gannavaram,Independent,Korrapolu Srinivasa Rao
71,Gannavaram,Independent,Guntupalli Umamaheswarao
71,Gannavaram,Independent,Potluri Sreedevi
71,Gannavaram,Independent,Vallabhaneni Mohan Vamsi K
71,Gannavaram,Independent,Sarnala Vijayadurga
71,Gannavaram,None of the Above,NOTA
72,Gudivada,Yuvajana Sramika Rythu Congress Party,Kodali Sri Venkateswara Rao (Nani)
72,Gudivada,Bahujan Samaj Party,Bosu Babu Gudivada
72,Gudivada,Indian National Congress,Vaddadi Govinda Rao (Rajesh)
72,Gudivada,Telugu Desam,Venigandla Ramu
72,Gudivada,Jai Bharat National Party,Alluri Hemanth Kumar
72,Gudivada,Telugu Rajadhikara Samiti Party,Avula Praveen Kumar
72,Gudivada,Jatiya Jana Sena Party,Nallaganchu Venkata Rambabu
72,Gudivada,Independent,Kummari Bhavanarayana
72,Gudivada,Independent,Gundabhathina Ambedkar (Raja)
72,Gudivada,Independent,Talluri Pedda Nageswara Rao
72,Gudivada,Independent,Vaddadi Naga Raju
72,Gudivada,Independent,Hassan Ahmed Abdul
72,Gudivada,None of the Above,NOTA
73,Kaikalur,Bharatiya Janata Party,Kamineni Srinivas
73,Kaikalur,Yuvajana Sramika Rythu Congress Party,Dulam Nageswara Rao
73,Kaikalur,Bahujan Samaj Party,Nageswara Rao Manepalli
73,Kaikalur,Indian National Congress,Boddu Noble
73,Kaikalur,Bharatha Chaitanya Yuvajana Party,Kamatham Nirikshana Rao
73,Kaikalur,Jaibhim Rao Bharat Party,Gonthupulugu Satish Kumar
73,Kaikalur,All India Forward Bloc,Laveti Veera Sivaji
73,Kaikalur,Independent,Allumolu Someswara Rao
73,Kaikalur,Independent,Koppula Vijaya Babu
73,Kaikalur,Independent,Koti Srinivasa Rao
73,Kaikalur,Independent,Balli Ganesh
73,Kaikalur,Independent,Gunukula Narayana
73,Kaikalur,Independent,Chennamsetti Soma Sundara Rao
73,Kaikalur,Independent,Boddu Kiran Kumar
73,Kaikalur,Independent,Madasu Satyanarayana
73,Kaikalur,None of the Above,NOTA
74,Pedana,Bahujan Samaj Party,Ede Kasi Visweswara Rao
74,Pedana,Yuvajana Sramika Rythu Congress Party,Upapala Ramesh (Ramu)
74,Pedana,Telugu Desam,Kagitha Krishna Prasad
74,Pedana,Indian National Congress,Sonti Nagaraju
74,Pedana,Yuga Thulasi Party,Katragadda Vishnu Murthy
74,Pedana,Pyramid Party of India,Sabbisetti Revathi Devi
74,Pedana,Independent,Kagitha Sri Hari Krishna Prasad
74,Pedana,Independent,Jamadagni Rajulapati
74,Pedana,Independent,S.V. Babu
74,Pedana,Independent,Senapathi Gopi
74,Pedana,None of the Above,NOTA
75,Machilipatnam,Indian National Congress,Abdul Mateen
75,Machilipatnam,Telugu Desam,Kollu Ravindra
75,Machilipatnam,Yuvajana Sramika Rythu Congress Party,Perni Krishnamurthy (Kittu)
75,Machilipatnam,Bahujan Samaj Party,Sowadda Balaji
75,Machilipatnam,Telugu Rajadhikara Samiti Party,Adothu Tulasi Ram
75,Machilipatnam,Bharatha Chaitanya Yuvajana Party,Kona Nagarjuna
75,Machilipatnam,Pyramid Party of India,Vakkalagadda Pavani
75,Machilipatnam,Independent,Ammireddy Rajani
75,Machilipatnam,Independent,Aripasha Shaik
75,Machilipatnam,Independent,Angara Chamundeswari
75,Machilipatnam,Independent,Kotaru Suneel Babu
75,Machilipatnam,Independent,Chinthapalli Manohar
75,Machilipatnam,Independent,Ede Bhaskarrao
75,Machilipatnam,Independent,Lakshmi Kiran Kunapareddy
75,Machilipatnam,None of the Above,NOTA
76,Avanigadda,Indian National Congress,Ande Sri Ramamurthy
76,Avanigadda,Bahujan Samaj Party,Gunturu Nageswararao
76,Avanigadda,Yuvajana Sramika Rythu Congress Party,Ramesh Babu Simhadri
76,Avanigadda,Jaibhim Rao Bharat Party,Ambethkar Samudrala
76,Avanigadda,Pyramid Party of India,Nancharlaiah Venkata Mungara
76,Avanigadda,Janasena Party,Buddhaprasad Mandali
76,Avanigadda,Navarang Congress Party,Boyina Buddaprasa
76,Avanigadda,Jatiya Jana Sena Party,Ventrapragada Anand Kumar
76,Avanigadda,Independent,Giridhar Naidu Nadella
76,Avanigadda,Independent,Chanti Tananki
76,Avanigadda,Independent,Neela Manohara Babu
76,Avanigadda,Independent,Mathi Pushpa Kumar
76,Avanigadda,NOTA,None of the Above
77,Pamarru (SC),Yuvajana Sramika Rythu Congress Party,Anil Kumar Kaile
77,Pamarru (SC),Telugu Desam,Kumar Raja Varla
77,Pamarru (SC),Indian National Congress,D Y Das
77,Pamarru (SC),Bahujan Samaj Party,Babu Rajendraprasad Rayavarapu
77,Pamarru (SC),Jaibhim Rao Bharat Party,Kodali Suneela
77,Pamarru (SC),Jai Bharat National Party,Nayudu Sirisha Rani
77,Pamarru (SC),Republican Party of India (A),M Raja Manohar
77,Pamarru (SC),Jatiya Jana Sena Party,Saiee Dinesh Babu
77,Pamarru (SC),NOTA,None of the Above
78,Penamaluru,Indian National Congress,Elisala Subramanyam
78,Penamaluru,Yuvajana Sramika Rythu Congress Party,Jogi Ramesh
78,Penamaluru,Telugu Desam,Bode Prasad
78,Penamaluru,Bahujan Samaj Party,Somu Maheswara Rao (Mahesh Yadav)
78,Penamaluru,Bharatha Chaitanya Yuvajana Party,Gurrala Harshitha
78,Penamaluru,Pyramid Party of India,Chakka Yedukondalu
78,Penamaluru,Telugu Rajadhikara Samiti Party,Sasidhar Mareedu
78,Penamaluru,Jaibhim Rao Bharat Party,Sadala Prasada Rao
78,Penamaluru,Independent,Kanaka Durga Rao Pachipala
78,Penamaluru,Independent,Gogam Ramu
78,Penamaluru,Independent,Maradani Viezaya
78,Penamaluru,NOTA,None of the Above
79,Vijayawada West,Yuvajana Sramika Rythu Congress Party,Asif Shaik
79,Vijayawada West,Bahujan Samaj Party,Maddirala Vinod Kumar
79,Vijayawada West,Bharatiya Janata Party,Yalamanchili Satyanarayana Chowdary (Sujana Chowdary)
79,Vijayawada West,Studentz United For Nation Party,Konaki Venkateswara Rao
79,Vijayawada West,Communist Party of India,Koteswara Rao Gummadidala
79,Vijayawada West,Marxist Communist Party of India (United),Khadar Basha Shaik
79,Vijayawada West,Telugu Rajadhikara Samiti Party,Tadanki Jagadish Ramachandra Rao
79,Vijayawada West,Navarang Congress Party,Nakkala Sai Babu
79,Vijayawada West,Jaibhim Rao Bharat Party,Parasa Suresh Kumar
79,Vijayawada West,Jai Bharat National Party,Pothina Venkata Ramarao
79,Vijayawada West,Pyramid Party of India,Mohana Durga Prasad Tadepalli
79,Vijayawada West,Samajwadi Party,Ramana Prasad Kothamasu
79,Vijayawada West,Indian Union Muslim League,Shaik Khaja Vali
79,Vijayawada West,Independent,Vidavalapati Vijaya Sankar
79,Vijayawada West,Independent,Seeram Nagamalleswara Rao
79,Vijayawada West,NOTA,None of the Above
80,Vijayawada Central,Bahujan Samaj Party,Napajuri Rajendra Prasad
80,Vijayawada Central,Communist Party of India (Marxist),Ghugurapati Babu Rao
80,Vijayawada Central,Telugu Desam,Bonda Umaamaheswararao
80,Vijayawada Central,Yuvajana Sramika Rythu Congress Party,Vellampalli Srinivas Rao
80,Vijayawada Central,Andhra Rashtra Praja Samithi,Gollapalli Sree Phani Raj
80,Vijayawada Central,Pyramid Party of India,Thiranda Swamy Bunga
80,Vijayawada Central,Navarang Congress Party,Prasanth Kumar Malipolu
80,Vijayawada Central,Jatiya Jana Sena Party,K Siva Sankar
80,Vijayawada Central,Jai Bharat National Party,Sridhaa Dakshinam Murthy
80,Vijayawada Central,Socialist Unity Centre of India (COMMUNIST),L Himayavathi
80,Vijayawada Central,Independent,Komleti Andrabayana
80,Vijayawada Central,Independent,Chandrasekhara Pedapati
80,Vijayawada Central,Independent,V Jaya Poonachandana Rao
80,Vijayawada Central,Independent,Dasari Nagaraju
80,Vijayawada Central,Independent,Duggisetii Subashini
80,Vijayawada Central,Independent,Boppana Gunde
80,Vijayawada Central,Independent,Bhrathepudi Venkata Sai Lakshmi Ganesh
80,Vijayawada Central,Independent,Manmali Raja Sekhar (Raja)
80,Vijayawada Central,Independent,Ramalimgeswara Rao Janavattula
80,Vijayawada Central,Independent,Vantekkomu Bhopal Reddy
80,Vijayawada Central,NOTA,None of the Above
81,Vijayawada East,Yuvajana Sramika Rythu Congress Party,Avinash Devineni
81,Vijayawada East,Bahujan Samaj Party,Kanaparthi Murali
81,Vijayawada East,Telugu Desam,Gadde Rama Mohan
81,Vijayawada East,Indian National Congress,Ponugupati Nanchariah
81,Vijayawada East,Navarang Congress Party,Anil Kumar Jaldi
81,Vijayawada East,Pyramid Party of India,Goturil S. Naga Lakshmi
81,Vijayawada East,Jatiya Jana Sena Party,Jetii Vasundhara
81,Vijayawada East,All India Jaihind Party,Dasharath Kunapareddy
81,Vijayawada East,Jai Bharat National Party,Murali Krishna Naidu Y
81,Vijayawada East,Jaibhim Rao Bharat Party,Mendem Vijaya Sekhar
81,Vijayawada East,Telugu Rajadhikara Samiti Party,Vinay Kumar Thambi Yemimila
81,Vijayawada East,Studentz United For Nation Party,Venkata Reddy Sangi Reddy
81,Vijayawada East,Independent,Avinash Sidela
81,Vijayawada East,Independent,Bhargav Medabalimi
81,Vijayawada East,Independent,Ram Mohan Rao G
81,Vijayawada East,None of the Above,NOTA
82,Mylavaram,Indian National Congress,Kiran Borra
82,Mylavaram,Bahujan Samaj Party,Galanki Venkateswara Rao
82,Mylavaram,Yuvajana Sramika Rythu Congress Party,Tirapatihrao Sarnala
82,Mylavaram,Telugu Desam,Vasantha Venkata Krishna Prasad
82,Mylavaram,Jatiya Jana Sena Party,Anil Kumar Polakampalli
82,Mylavaram,Jai Bharat National Party,Orsu Ramarao
82,Mylavaram,Telugu Rajadhikara Samiti Party,Naveen Ambedkar Chintamala
82,Mylavaram,Navarang Congress Party,Rambabu Gudisa
82,Mylavaram,Independent,Kollakapogu Venkata Rao
82,Mylavaram,Independent,Pullarao Namburi
82,Mylavaram,Independent,Prudhvi Vemulapalli
82,Mylavaram,Independent,Vallabhanel Naga Pavan Kumar
82,Mylavaram,None of the Above,NOTA
83,Nandigama (SC),Telugu Desam,Tangirala Sowmya
83,Nandigama (SC),Bahujan Samaj Party,Barre Udaya Kiran
83,Nandigama (SC),Yuvajana Sramika Rythu Congress Party,Monditoka Jagan Mohan Rao
83,Nandigama (SC),Indian National Congress,Vajraiah Manda
83,Nandigama (SC),Samajwadi Party,Katarapu Santharao
83,Nandigama (SC),Jai Maha Bharath Party,Pantil Lal
83,Nandigama (SC),Jaibhim Rao Bharat Party,Bezawada Gopi
83,Nandigama (SC),Independent,Nippulapalli Koteswararao
83,Nandigama (SC),Independent,Sundara Rao Kottapalli
83,Nandigama (SC),None of the Above,NOTA
84,Jaggayyapeta,Indian National Congress,Apparao Karnati
84,Jaggayyapeta,Yuvajana Sramika Rythu Congress Party,Udaya Bhanu Samineni
84,Jaggayyapeta,Bahujan Samaj Party,Kodamala Prabhudas
84,Jaggayyapeta,Telugu Desam,Rajagopal Sreeram (Tataiah)
84,Jaggayyapeta,Telugu Rajadhikara Samiti Party,Rambabu Gudisa
84,Jaggayyapeta,Independent,Ayalapogu Venkateswarlu
84,Jaggayyapeta,Independent,Kandula Narasimha Rao
84,Jaggayyapeta,Independent,Gopinadh Chekuri
84,Jaggayyapeta,Independent,Jamana Anand Rao
84,Jaggayyapeta,Independent,Jonnakuti Aharonu
84,Jaggayyapeta,Independent,Berothula Prakasa Rao
84,Jaggayyapeta,Independent,Medepalli Fransis
84,Jaggayyapeta,Independent,Velpula Vijay (Kumar)
84,Jaggayyapeta,None of the Above,NOTA
85,Pedakurapadu,Yuvajana Sramika Rythu Congress Party,Namburu Sankara Rao
85,Pedakurapadu,Indian National Congress,Pamidi Nageswara Rao
85,Pedakurapadu,Telugu Desam,Bhashyam Praveen
85,Pedakurapadu,Bahujan Samaj Party,Varagani Edukondalu
85,Pedakurapadu,Bharatha Chaitanya Yuvajana Party,Ala Ramakrishna Rao
85,Pedakurapadu,Independent,Kalyan Chakravarthy Namburu
85,Pedakurapadu,Independent,Gowtukala Ankamarao
85,Pedakurapadu,Independent,Paragati Raju
85,Pedakurapadu,Independent,Banavathu Muralikrishna Naik
85,Pedakurapadu,Independent,Banka Thirupathaiah
85,Pedakurapadu,Independent,Setti Singaraiah
85,Pedakurapadu,None of the Above,NOTA
86,Tadikonda (SC),Telugu Desam,Tenali Sravan Kumar
86,Tadikonda (SC),Indian National Congress,Manchala Sushil Raja
86,Tadikonda (SC),Bahujan Samaj Party,Srungarapati Baburao
86,Tadikonda (SC),Yuvajana Sramika Rythu Congress Party,Sucharitha Mekathoti
86,Tadikonda (SC),Navarang Congress Party,Gurram Ramarao
86,Tadikonda (SC),Jaibhim Rao Bharat Party,Jada Sravan Kumar
86,Tadikonda (SC),Indian Labour Party (Ambedkar Phule),Musialaiah Dodda
86,Tadikonda (SC),Telugu Rajadhikara Samiti Party,Mendem Mariyadasu
86,Tadikonda (SC),Jatiya Jana Sena Party,Ramesh Babu Tenali
86,Tadikonda (SC),Independent,Ravela Yesaya
86,Tadikonda (SC),NOTA,None of the Above
87,Mangalagiri,Bahujan Samaj Party,Kasireddi Subrahmanyam
87,Mangalagiri,Communist Party of India (Marxist),Jonnalagadda Sreenu
87,Mangalagiri,Telugu Desam,Nara Lokesh
87,Mangalagiri,Yuvajana Sramika Rythu Congress Party,Murugudu Lavanya
87,Mangalagiri,Studentz United for Nation Party,Anemparthi Srinivesh
87,Mangalagiri,Indian Union Muslim League,Abdul Saboor Shaik
87,Mangalagiri,Yuga Thulasi Party,Machirajula Surya Narayana
87,Mangalagiri,Indian Labour Party (Ambedkar Phule),Kothapalli Srinivasarao
87,Mangalagiri,Prajathilakam Republican Party,Gurram Ramanaiah
87,Mangalagiri,Telugu Rajadhikara Samiti Party,Julakanti Venkateswarao
87,Mangalagiri,Mahila Karmik Kooli Party,Tulisetty Chittibabu
87,Mangalagiri,Samajwadi Party,Pulla Srinivasa Raghuram
87,Mangalagiri,Nava Bharat Democratic Party,Bochi Ramachandra Yadav
87,Mangalagiri,Kosavandhu Party,Vadapalli Nageswara Rao
87,Mangalagiri,Pyramid Party of India,Vangala Sudhakar Babu
87,Mangalagiri,Jaibhim Rao Bharat Party,Shaik Gouse Mohi
87,Mangalagiri,Navarang Congress Party,Shafi Shaik
87,Mangalagiri,Independent,Aali Anasursha
87,Mangalagiri,Independent,Kondapogu Devika
87,Mangalagiri,Independent,Rajeshwari Shaik
87,Mangalagiri,Independent,Kesana Sudhakar Babu
87,Mangalagiri,Independent,Basha Imam
87,Mangalagiri,Independent,Bandar Sudhakar
87,Mangalagiri,Independent,Chadalawada Murali Krishna
87,Mangalagiri,Independent,Chinni B Laxmi
87,Mangalagiri,Independent,Jamala Venkatramudu (Sunku)
87,Mangalagiri,Independent,Damaraju Venkataiah
87,Mangalagiri,Independent,Nagabattina Srinivasa Rao
87,Mangalagiri,Independent,Manem Linganna
87,Mangalagiri,Independent,Mahija Anasursha
87,Mangalagiri,Independent,Polibhotla Laxminarasimha Rao
87,Mangalagiri,Independent,Pullagura Govindaraju
87,Mangalagiri,Independent,Shaik Rafi
87,Mangalagiri,Independent,Shanigala Babu
87,Mangalagiri,Independent,Shaik Mastan Vali
87,Mangalagiri,Independent,Surapaneni Sudhakar Babu
87,Mangalagiri,Independent,Vadapalli Ganesh Babu
87,Mangalagiri,Independent,Vallapu Vijaya Kumar
87,Mangalagiri,Independent,Yeleswarapu Prasad
87,Mangalagiri,Independent,Yerram Prakash Prasad Prabhakar
87,Mangalagiri,Independent,Shaik Sha
87,Mangalagiri,Independent,Shaik Basha
87,Mangalagiri,Independent,Shaik Hussain Rafi
87,Mangalagiri,NOTA,None of the Above
88,Ponnur,Yuvajana Sramika Rythu Congress Party,Ambati Murali Krishna
88,Ponnur,Bahujan Samaj Party,Kishore Vatati
88,Ponnur,Indian National Congress,Jakka Ravindranath
88,Ponnur,Telugu Desam,Dhulipalla Narendra Kumar
88,Ponnur,Reforms Party of India,Akkidasi Joseph
88,Ponnur,Viduthalai Chiruthagal Katchi,Dr Kurapati Manikya Rao
88,Ponnur,Indian Labour Party (Ambedkar Phule),Dr Galinki John Samuel
88,Ponnur,Telugu Rajadhikara Samiti Party,Gona Raboort
88,Ponnur,Pyramid Party of India,Jonnadula Ramesh
88,Ponnur,Jaibhim Rao Bharat Party,Moddu Sambasiva Rao
88,Ponnur,Jai Bharat National Party,Varikunta Rosaiah
88,Ponnur,Navarang Congress Party,Shek Mastan Vali
88,Ponnur,Independent,Doppalapudi Vasudeva Rao
88,Ponnur,Independent,Lakshminarao Adala
88,Ponnur,NOTA,None of the Above
89,Vemuru (SC),Yuvajana Sramika Rythu Congress Party,Ashok Babu Varikuti
89,Vemuru (SC),Telugu Desam,Ananda Babu Nakka
89,Vemuru (SC),Bahujan Samaj Party,Gorikapudi Steeven
89,Vemuru (SC),Indian National Congress,Buraga Subba Rao
89,Vemuru (SC),Pyramid Party of India,Kattapogu Vijayakumar
89,Vemuru (SC),Samajwadi Party,Tamaman Bhushanam
89,Vemuru (SC),Jai Bharat National Party,Duru Bhagya Raju
89,Vemuru (SC),Liberation Congress Party,Pamula Vijaya Kumari
89,Vemuru (SC),Jaibhim Rao Bharat Party,Yallamati Syam Prasad
89,Vemuru (SC),Jatiya Jana Sena Party,Ravendrababu Jada
89,Vemuru (SC),Independent,Kanaparthi Sharathbabu
89,Vemuru (SC),Independent,Kolakaluri Vijay Paul
89,Vemuru (SC),Independent,Gadde Vijayalakshmi
89,Vemuru (SC),Independent,Naidu Nikhil Krishna
89,Vemuru (SC),Independent,Boditya Cherbolu
89,Vemuru (SC),NOTA,None of the Above
90,Repalle,Telugu Desam,Anagani Satya Prasad
90,Repalle,Yuvajana Sramika Rythu Congress Party,Evuru Ganesh
90,Repalle,Bahujan Samaj Party,Dokka Srinivasa Rao
90,Repalle,Indian National Congress,Mopidevi Srinivasa Rao
90,Repalle,Bharatha Chaitanya Yuvajana Party,Angirekula Adi Narayana
90,Repalle,Jai Bharat National Party,Andraju Ramraju
90,Repalle,Jaibhim Rao Bharat Party,Dova Ramesh Ramji
90,Repalle,India Praja Bandhu Party,Merugupala Sadasiva Rao
90,Repalle,Jatiya Jana Sena Party,Yadla Gopiraju
90,Repalle,Pyramid Party of India,Subbarao Bellamkonda
90,Repalle,Indian Union Muslim League,Haseena Shaik
90,Repalle,Independent,Kokkiligadda Rambabu
90,Repalle,Independent,Boddu Nageswararao
90,Repalle,Independent,Mahammad Khaseem
90,Repalle,NOTA,None of the Above
91,Tenali,Yuvajana Sramika Rythu Congress Party,Annabathuni Sivakumar
91,Tenali,Bahujan Samaj Party,Karumanchi Sunil Sundeep
91,Tenali,Indian Union Muslim League,Amanulla Khan Pathan
91,Tenali,Telugu Janata Party,Konduri Nagaraju
91,Tenali,Telugu Vijayam Party,Chukkapalli Prasad
91,Tenali,Pyramid Party of India,Jinka Mallikarjuna Rao
91,Tenali,Janasena Party,Nadendla Manohar
91,Tenali,Communist Party of India (Marxist–Leninist) (Liberation),Shavala Gopal
91,Tenali,Jai Bharat National Party,Shaik Basha
91,Tenali,Independent,Gade Ramakrishna
91,Tenali,Independent,Tumapala Narendra
91,Tenali,Independent,Yandrapati Ashok Kumar
91,Tenali,Independent,Lakshmanamurthy Kota
91,Tenali,NOTA,None of the Above
92,Bapatla,Indian National Congress,Anjibabu Ganta
92,Bapatla,Yuvajana Sramika Rythu Congress Party,Kona Raghupathi
92,Bapatla,Bahujan Samaj Party,Gude Rajarao
92,Bapatla,Telugu Desam,Vegesana Narendra Varma Raju
92,Bapatla,Pyramid Party of India,Devarakonda Rajeswara Rao
92,Bapatla,Viduthalai Chiruthaigal Katchi,Regulagadda Chandra Sekhararao
92,Bapatla,Samajwadi Party,Srinivasa Rao Gorla
92,Bapatla,Independent,Katikala Sivabhagyarao
92,Bapatla,Independent,Kocharla Vinayraju
92,Bapatla,Independent,Dendukuri Sita Rama Raju
92,Bapatla,Independent,Pittu Busi Reddy
92,Bapatla,Independent,P. Prasad
92,Bapatla,Independent,Bethalam Yaswanth
92,Bapatla,Independent,Marupuroul Chenkasevareddy
92,Bapatla,Independent,D. S. Aalini
92,Bapatla,NOTA,None of the Above
93,Prathipadu (SC),Indian National Congress,Korini Vinaya Kumar
93,Prathipadu (SC),Yuvajana Sramika Rythu Congress Party,Balasani Kiran Kumar
93,Prathipadu (SC),Telugu Desam,Burla Ramanjaneyulu
93,Prathipadu (SC),Bahujan Samaj Party,Muralidhar G
93,Prathipadu (SC),Pyramid Party of India,Challa Sarathkumar
93,Prathipadu (SC),Jai Bharat National Party,Pallapati Naveen
93,Prathipadu (SC),Indian Labour Party (Ambedkar Phule),Paul Yandrapati
93,Prathipadu (SC),Jatiya Jana Sena Party,Burri Rambabu
93,Prathipadu (SC),Bharatha Chaitanya Yuvajana Party,S. S. Rani (Mahalakshmi)
93,Prathipadu (SC),Independent,Kathi Arun Kumar
93,Prathipadu (SC),Independent,Chandram Krishnamaraju
93,Prathipadu (SC),Independent,Bejam Nagaraju
93,Prathipadu (SC),Independent,K. Rajini Kanth
93,Prathipadu (SC),NOTA,None of the Above
94,Guntur West,Telugu Desam,Galla Madhavi
94,Guntur West,Indian National Congress,John Babu Bakkachonda
94,Guntur West,Yuvajana Sramika Rythu Congress Party,Rajin Vaddala
94,Guntur West,Navodayam Party,Alla Krishna Kishore
94,Guntur West,Jana Sahayogak Sakthi,Umar Basha Shaik
94,Guntur West,Pyramid Party of India,Kotapalli Suresh
94,Guntur West,Telugu Rajadhikara Samiti Party,Chukka Aravind
94,Guntur West,Jai Bharat National Party,Chekuri Palli Josh Ranganath
94,Guntur West,Andhra Pradesh Rashtra Samithi,Thiruka Sankar Rao
94,Guntur West,Jaibhim Rao Bharat Party,Neelam Prasadarao
94,Guntur West,Indian Union Muslim League,Basheer Ahmed
94,Guntur West,Indian Labour Party (Ambedkar Phule),Rayapolu Percy Rani
94,Guntur West,Viduthalai Chiruthaigal Katchi,N. L. Vidya Sagar
94,Guntur West,Yuga Thulasi Party,Satyanarayana Udita
94,Guntur West,Navarang Congress Party,Syed Rizwana
94,Guntur West,Andhra Rashtra Praja Samithi,Dr. T. S. Eyyakumar (Saho Seyakumar)
94,Guntur West,Independent,Kanaka Ratnam Gundu
94,Guntur West,Independent,Kotikal Anitha
94,Guntur West,Independent,Gandikota Balaji
94,Guntur West,Independent,Chintapalli Venkata Ramaiah
94,Guntur West,Independent,Chillara Sunitha
94,Guntur West,Independent,Pallebowna Swathi
94,Guntur West,Independent,Palakayala Srinivas Rao
94,Guntur West,Independent,Madhavi Tummuru
94,Guntur West,Independent,Racha Mallikarjuna Rao
94,Guntur West,Independent,Siva Durga Prasanna
94,Guntur West,Independent,Shaik Mumtaz
94,Guntur West,Independent,Sattinapalli Narasimha Rao
94,Guntur West,NOTA,None of the Above
95,Guntur East,Bahujan Samaj Party,Gudavalli Manikumari
95,Guntur East,Yuvajana Sramika Rythu Congress Party,Noori Fathimah Shaik
95,Guntur East,Telugu Desam,Mohammed Naseer Ahmed
95,Guntur East,Indian National Congress,Shaik Mastan Vali
95,Guntur East,Indian Union Muslim League,Altaf Hussain Shaik
95,Guntur East,Pyramid Party of India,Kaja Venkata Raghavendra Sanjeevrao
95,Guntur East,Navodayam Party,Nallaka Vijaya Raju
95,Guntur East,Andhra Pradesh Rashtra Samithi,Shaik Altaf
95,Guntur East,Navarang Congress Party,Shaik Ahamed Basha
95,Guntur East,Independent,Durrey Shahawar Shaik
95,Guntur East,Independent,Dr. Vahed
95,Guntur East,Independent,Shaik Silar
95,Guntur East,Independent,Syed Javed
95,Guntur East,Independent,Haroon Rasheed Shaik
95,Guntur East,NOTA,None of the Above
96,Chilakaluripet,Yuvajana Sramika Rythu Congress Party,Kavati Siva Naga Manohar Naidu
96,Chilakaluripet,Bahujan Samaj Party,Koppula Babu Rao
96,Chilakaluripet,Telugu Desam,Prathipati Pullarao
96,Chilakaluripet,Indian National Congress,Madduka Raja Krishna
96,Chilakaluripet,Indian Labour Party (Ambedkar Phule),Muppu Ramakoteswara Rao
96,Chilakaluripet,Pyramid Party of India,Ratna Kumar Tanniru
96,Chilakaluripet,Navotarum Party,Ravu Subbaramanna
96,Chilakaluripet,Bharatha Chaitanya Yuvajana Party,Vinco Kumar Doppalapudi
96,Chilakaluripet,Rashtriya Janakarnti Party,Shaik Gouase Basha
96,Chilakaluripet,Independent,Katta Kiran Kumar
96,Chilakaluripet,Independent,Kumar Svaram Vinay T
96,Chilakaluripet,Independent,Goutami Kata
96,Chilakaluripet,Independent,Chella Dayaratnam
96,Chilakaluripet,Independent,Thanubodu Sundararammikedy
96,Chilakaluripet,Independent,Thamalluri Ramanaiah
96,Chilakaluripet,Independent,Nallamothu Madhava Rao
96,Chilakaluripet,Independent,Prathipati Pichiah
96,Chilakaluripet,Independent,Prathipati Ravi Babu
96,Chilakaluripet,Independent,Bahujanapu Rajesh
96,Chilakaluripet,Independent,Manohar Damaria
96,Chilakaluripet,Independent,P Rahimuthun
96,Chilakaluripet,Independent,Rami Reddy Marella
96,Chilakaluripet,Independent,Vantati Vijayamma
96,Chilakaluripet,Independent,Sameswararao Ponnaganti
96,Chilakaluripet,Independent,Sai Ganesh Konipati
96,Chilakaluripet,NOTA,None of the Above
97,Narasaraopet,Telugu Desam,Aravinda Babu Chadalavada
97,Narasaraopet,Yuvajana Sramika Rythu Congress Party,Gorreddy Srinivasa Reddy
97,Narasaraopet,Bahujan Samaj Party,Budala Samelu
97,Narasaraopet,Indian National Congress,Mahaboob Basha Shaik
97,Narasaraopet,Bharatha Chaitanya Yuvajana Party,Goosala Manohar
97,Narasaraopet,Jaibhim Rao Bharat Party,Goda John Paul
97,Narasaraopet,Jatiya Jana Sena Party,Doctor Goda Ramesh Kumar
97,Narasaraopet,Pyramid Party of India,Tallapaneh Hari Krishna
97,Narasaraopet,Independent,Anil Kumar Pathri
97,Narasaraopet,Independent,Kichupudi Chandra Sekhar
97,Narasaraopet,Independent,Koti Reddy Kiameta
97,Narasaraopet,Independent,Mahammad Manzoor Shaik
97,Narasaraopet,Independent,Sribamanei Prasad
97,Narasaraopet,Independent,Shaik Moulaali
97,Narasaraopet,NOTA,None of the Above
98,Sattenapalle,Yuvajana Sramika Rythu Congress Party,Ambati Rambabu
98,Sattenapalle,Telugu Desam,Kanaka Lakshminarayana
98,Sattenapalle,Indian National Congress,Chukka Chandra Paul
98,Sattenapalle,Bahujan Samaj Party,Pirupogu Naveen Babu
98,Sattenapalle,Jatiya Jana Sena Party,Goda Venkata Ramana
98,Sattenapalle,Jaibhim Rao Bharat Party,Jonnavalgadda Vijay Kumar
98,Sattenapalle,Yugu Thulasi Party,Yamojini Hanumantha Rao
98,Sattenapalle,Pyramid Party of India,Rangisetty Nageswara Rao
98,Sattenapalle,Jai Bharat National Party,Sheik Dairyavali
98,Sattenapalle,Independent,Gaddam Rambabu
98,Sattenapalle,Independent,P Govinda Ramesh Babu
98,Sattenapalle,Independent,Jakyna Kandukuri
98,Sattenapalle,Independent,Padi Manikanta
98,Sattenapalle,Independent,Mekala Venumadhava Reddy
98,Sattenapalle,Independent,Mekala Subbarao
98,Sattenapalle,NOTA,None of the Above
99,Vinukonda,Telugu Desam,Gonuguntla Venkata Siva Sita Rama Anzannayellu
99,Vinukonda,Indian National Congress,Chenna Srinivasa Rao
99,Vinukonda,Yuvajana Sramika Rythu Congress Party,Bolla Brahma Naidu
99,Vinukonda,Bahujan Samaj Party,Masipogu Yesobu
99,Vinukonda,Joatitha Chethi Vruthula Iiya Vedika Party,Kukatapalli Prasad
99,Vinukonda,Pyramid Party of India,Ramana Gaddam
99,Vinukonda,Jai Bharat National Party,Chiranjeevi Naik
99,Vinukonda,Independent,Ustala China Kasaiah
99,Vinukonda,Independent,Batchu Venkata Ravi Kumar
99,Vinukonda,Independent,Bolla VeeranJaneyulu
99,Vinukonda,Independent,Molaka Seetaram
99,Vinukonda,Independent,Srinivasa Rao Naralasetty
99,Vinukonda,Independent,Srinivasarao Jadda
99,Vinukonda,Independent,Shaik Baji
99,Vinukonda,NOTA,None of the Above
100,Gurajala,Yuvajana Sramika Rythu Congress Party,Kasu Mahesh Reddy
100,Gurajala,Bahujan Samaj Party,Nagendla Yobu
100,Gurajala,Telugu Desam,Yarapathinen Srinivasa Rao
100,Gurajala,Indian National Congress,Yalamanda Reddy Tiyyagura
100,Gurajala,National Nava Kranthi Party,Kanakam Srinivasarao
100,Gurajala,Jaibhim Rao Bharat Party,Julluri Ramesh
100,Gurajala,Andhra Rashtra Praja Samithi,Srinivasarao Gaddam
100,Gurajala,Akhil Bharatiya Jan Sangh,Srinivasarao Neerumalla
100,Gurajala,Independent,Koppavarapu Venkata Purushothamrao
100,Gurajala,Independent,Gangavarapu Mallamma
100,Gurajala,Independent,Chedla Nagarjuna
100,Gurajala,Independent,Badam Venkateswara Reddy
100,Gurajala,Independent,Rama Rao Koya
100,Gurajala,NOTA,None of the Above
